,rallyid,frameid,strokeid,hitter,isserve,type,stroke,x_cabal,y_cabal,x_farah,y_farah,x_lopez,y_lopez,x_murray,y_murray,time
0,1,22266,1,Farah,True,points,forehand,7.18,19.16,3.76,27.19,9.29,1.56,3.62,3.86,0.0
1,1,22299,2,Lopez,False,topspin,backhand,7.37,18.57,4.01,25.34,9.58,2.33,3.65,3.86,1.32
2,1,22330,3,Cabal,False,volley,backhand,7.93,16.81,4.3,22.9,9.7,3.54,3.5,3.76,2.56
3,1,22396,4,Lopez,False,topspin,forehand,7.42,18.08,4.28,19.8,6.45,7.35,2.68,6.2,5.2
4,1,22433,5,Farah,False,volley,forehand,6.63,18.83,3.16,17.96,6.25,8.82,2.96,8.36,6.680000000000001
5,2,23526,1,Farah,True,points,forehand,3.84,17.78,7.13,27.99,7.93,2.21,1.57,0.25,50.400000000000006
6,2,23561,2,Murray,False,topspin,backhand,4.09,17.62,6.61,25.86,8.09,2.37,2.06,0.75,51.800000000000004
7,2,23602,3,Farah,False,volley,forehand,5.81,15.64,2.78,24.25,8.57,2.37,2.75,0.74,53.440000000000005
8,2,23727,4,Farah,False,volley,backhand,7.65,18.23,4.43,20.05,8.95,0.68,3.38,8.06,58.440000000000005
9,3,24951,1,Farah,True,points,forehand,7.31,17.19,3.76,26.71,9.43,-0.48,3.72,2.4,107.4
10,3,24985,2,Lopez,False,topspin,forehand,6.96,16.66,3.87,24.89,8.89,0.29,3.75,2.08,108.76
11,4,26198,1,Farah,True,points,forehand,4.1,17.7,7.42,27.87,8.04,2.7,1.58,0.64,157.28
12,4,26231,2,Murray,False,lob,backhand,4.35,17.54,7.16,26.2,8.08,2.66,1.35,1.15,158.60000000000002
13,5,27194,1,Farah,True,points,forehand,7.41,18.31,3.92,29.3,9.64,0.31,3.76,3.09,197.12
14,6,29570,1,Lopez,True,points,forehand,8.58,-1.48,3.55,0.05,4.41,22.0,7.02,14.64,292.16
15,6,29604,2,Cabal,False,topspin,backhand,8.17,-1.07,3.6,0.08,3.98,19.53,6.92,13.38,293.52000000000004
16,7,30780,1,Lopez,True,points,forehand,8.11,0.68,2.15,0.97,8.0,25.4,4.56,16.76,340.56
17,8,31145,1,Lopez,True,points,forehand,7.92,8.17,2.3,0.63,8.27,25.96,4.6,17.22,355.16
18,8,31180,2,Farah,False,return,forehand,7.77,8.41,2.44,1.15,7.81,22.85,4.52,16.53,356.56
19,9,32193,1,Lopez,True,points,forehand,8.7,-0.43,3.94,7.96,4.15,25.22,7.08,17.43,397.08000000000004
20,9,32225,2,Cabal,False,lob,backhand,7.44,0.27,3.95,7.92,3.52,23.62,6.93,15.84,398.36
21,10,33159,1,Lopez,True,points,forehand,7.72,1.26,1.75,0.92,7.37,26.55,4.0,17.46,435.72
22,11,33622,1,Lopez,True,points,forehand,7.45,8.76,2.02,0.77,7.68,26.43,4.14,17.15,454.24
23,11,33657,2,Farah,False,return,backhand,7.54,8.71,2.42,1.41,7.51,22.96,3.73,16.39,455.64000000000004
24,11,33695,3,Murray,False,volley,backhand,7.84,9.0,3.67,1.65,7.8,20.93,5.58,15.71,457.16
25,12,35370,1,Cabal,True,points,forehand,7.66,1.15,3.68,10.07,1.66,26.97,7.11,24.31,524.159999999
26,12,35405,2,Lopez,False,return,backhand,7.32,3.38,3.5,10.95,0.3,26.05,6.97,23.89,525.5599999990001
27,13,36484,1,Cabal,True,points,forehand,5.09,1.25,6.17,10.98,3.07,24.14,8.87,27.12,568.72
28,13,36520,2,Murray,False,return,forehand,5.02,3.5,6.49,11.73,3.04,23.93,7.7,27.25,570.1600000000001
29,14,37298,1,Cabal,True,points,forehand,7.54,1.18,3.63,10.45,1.5,27.21,6.94,24.21,601.2800000000001
30,14,37344,2,Lopez,False,lob,backhand,7.36,4.2,3.3,10.67,-0.46,26.06,6.96,24.75,603.12
31,14,37435,3,Cabal,False,volley,backhand,4.49,4.82,3.62,6.83,-0.43,27.11,7.75,26.2,606.76
32,14,37493,4,Murray,False,topspin,forehand,3.25,2.83,5.88,8.52,2.76,27.31,5.3,25.88,609.08
33,14,37543,5,Cabal,False,topspin,backhand,1.34,1.51,6.33,9.42,3.09,25.79,5.69,25.65,611.08
34,15,38886,1,Cabal,True,points,forehand,3.96,1.29,7.15,10.37,3.24,24.04,9.19,27.36,664.8000000000001
35,16,39414,1,Cabal,True,points,forehand,3.79,1.11,7.08,10.64,4.09,18.84,9.03,25.27,685.9200000000001
36,16,39453,2,Murray,False,topspin,forehand,4.31,2.3,6.79,11.26,3.95,18.51,8.3,23.98,687.48
37,17,40595,1,Cabal,True,points,forehand,7.7,0.91,3.91,9.7,1.69,25.69,7.16,23.47,733.1600000000001
38,17,40627,2,Lopez,False,return,forehand,7.6,2.8,3.9,10.12,2.43,25.02,6.99,23.37,734.44
39,18,45271,1,Murray,True,points,forehand,0.2,28.45,6.21,19.6,3.0,10.02,7.42,0.63,920.2
40,18,45314,2,Cabal,False,topspin,forehand,-1.86,27.36,,,,,,,921.9200000000001
41,19,46405,1,Murray,True,points,forehand,2.27,27.44,8.62,29.24,7.23,10.47,3.05,0.6,965.5600000000001
42,20,46999,1,Murray,True,points,forehand,3.27,19.11,8.4,29.38,7.32,10.36,2.96,0.8,989.32
43,20,47047,2,Farah,False,return,backhand,3.26,17.95,9.18,27.0,6.52,10.98,2.64,4.23,991.24
44,21,48162,1,Murray,True,points,forehand,0.92,27.21,6.87,18.82,3.55,9.8,7.81,0.27,1035.8399999990002
45,21,48200,2,Cabal,False,return,forehand,-0.78,27.23,6.79,18.57,3.39,10.02,7.57,2.67,1037.3599999990001
46,22,49327,1,Murray,True,points,forehand,2.84,25.68,8.91,26.76,6.02,9.89,4.29,0.26,1082.44
47,22,49359,2,Farah,False,return,backhand,2.96,25.56,9.06,25.95,6.2,10.0,3.86,1.49,1083.72
48,23,50455,1,Murray,True,points,forehand,0.73,28.07,6.68,18.74,3.4,10.23,7.97,0.38,1127.5600000000002
49,24,51044,1,Murray,True,points,forehand,0.45,27.34,6.65,18.82,3.44,10.02,7.94,0.3,1151.1200000000001
50,24,51091,2,Cabal,False,return,backhand,1.19,27.09,6.69,19.07,3.36,10.23,7.64,3.62,1153.0
51,24,51125,3,Murray,False,volley,backhand,1.06,25.81,6.61,18.65,3.02,9.81,6.9,6.81,1154.3600000000001
52,24,51160,4,Farah,False,volley,forehand,2.11,25.57,4.65,18.01,3.04,9.29,6.73,8.13,1155.76
53,25,52439,1,Murray,True,points,forehand,2.9,25.9,8.88,26.65,7.63,9.99,3.27,0.1,1206.92
54,26,53191,1,Murray,True,points,forehand,3.43,17.39,8.38,26.65,7.22,9.41,3.22,0.35,1237.0
55,26,53240,2,Farah,False,topspin,backhand,3.68,16.92,10.31,24.07,7.56,10.25,3.08,3.97,1238.96
56,27,55008,1,Farah,True,points,forehand,7.24,15.84,3.54,25.45,9.56,-1.49,3.6,1.29,1309.68
57,28,55869,1,Farah,True,points,forehand,7.29,15.91,3.56,25.11,9.57,-1.51,3.54,1.23,1344.1200000000001
58,28,55910,2,Lopez,False,slice,backhand,7.5,15.91,3.69,23.1,11.44,0.06,3.68,1.17,1345.76
59,29,57091,1,Farah,True,points,forehand,5.11,15.93,8.89,26.53,8.67,1.5,2.37,-1.14,1393.0
60,30,59168,1,Farah,True,points,forehand,6.37,16.36,2.23,25.46,8.92,-1.39,2.87,1.59,1476.0800000000002
61,30,59201,2,Lopez,False,return,backhand,6.29,16.22,2.16,23.32,8.59,-0.19,2.91,1.38,1477.4
62,30,59265,3,Farah,False,volley,forehand,5.69,15.78,1.33,18.96,9.3,-0.04,2.64,1.23,1479.96
63,30,59358,4,Lopez,False,slice,backhand,6.98,17.35,3.44,17.23,8.51,5.58,2.95,5.9,1483.68
64,30,59396,5,Farah,False,volley,forehand,6.54,16.97,1.12,17.41,7.38,6.37,2.75,7.69,1485.2
65,31,60707,1,Farah,True,points,forehand,6.19,15.42,10.24,25.6,9.36,1.68,3.37,-1.17,1537.64
66,31,60744,2,Murray,False,return,forehand,6.17,15.85,9.68,24.29,9.25,1.65,5.28,-0.01,1539.1200000000001
67,32,61648,1,Farah,True,points,forehand,6.52,16.07,2.44,25.57,8.79,-1.32,3.27,1.38,1575.2800000000002
68,32,61683,2,Lopez,False,return,forehand,6.04,15.71,2.4,23.32,7.8,-0.5,3.21,1.38,1576.68
69,33,66422,1,Lopez,True,points,forehand,8.74,-0.01,3.37,0.57,4.03,25.22,6.95,16.21,1766.24
70,34,66799,1,Lopez,True,points,forehand,8.53,-0.27,3.93,7.27,3.92,25.22,6.9,17.12,1781.3200000000002
71,34,66836,2,Cabal,False,lob,forehand,9.29,1.34,3.89,7.09,3.18,22.6,6.99,15.34,1782.8000000000002
72,34,66902,3,Murray,False,volley,backhand,7.94,3.9,4.08,7.82,3.98,20.06,8.76,18.22,1785.44
73,34,66931,4,Cabal,False,topspin,backhand,5.21,4.62,4.33,6.96,3.99,18.68,9.24,18.3,1786.6000000000001
74,34,66985,5,Murray,False,volley,forehand,4.02,3.61,5.01,6.65,3.97,17.78,7.32,19.24,1788.7600000000002
75,34,67063,6,Cabal,False,topspin,backhand,0.66,4.54,6.3,8.62,2.32,17.79,6.53,18.16,1791.88
76,34,67092,7,Lopez,False,volley,forehand,0.61,3.42,5.61,9.74,3.34,18.35,6.01,17.68,1793.0400000000002
77,34,67150,8,Cabal,False,topspin,forehand,0.08,2.78,3.32,11.29,2.32,17.64,6.64,17.44,1795.3600000000001
78,34,67176,9,Lopez,False,volley,backhand,-0.72,2.3,4.27,10.88,2.51,18.11,7.07,18.07,1796.4
79,34,67236,10,Cabal,False,topspin,forehand,1.54,3.91,5.93,8.92,2.95,17.95,6.57,17.91,1798.8000000000002
80,34,67262,11,Murray,False,volley,backhand,1.81,3.69,5.53,9.79,3.33,17.79,6.75,17.91,1799.8400000000001
81,35,68402,1,Lopez,True,points,forehand,8.39,0.43,2.37,0.44,8.44,25.96,4.87,17.37,1845.44
82,36,69201,1,Lopez,True,points,forehand,9.1,-0.73,3.7,1.05,4.31,26.94,7.45,17.83,1877.4
83,36,69238,2,Cabal,False,return,backhand,8.7,-0.22,3.73,0.85,3.6,22.9,7.7,16.81,1878.88
84,36,69273,3,Murray,False,volley,forehand,8.94,-0.14,3.53,1.29,3.48,21.06,6.83,17.91,1880.2800000000002
85,37,70269,1,Lopez,True,points,forehand,8.11,0.32,1.86,0.41,8.38,26.3,4.58,17.61,1920.1200000000001
86,38,71948,1,Cabal,True,points,forehand,7.73,0.46,3.69,9.65,1.25,27.09,7.01,24.0,1987.2800000000002
87,39,72466,1,Cabal,True,points,forehand,7.81,0.16,3.7,9.13,1.37,25.14,6.97,17.75,2008.0000000000002
88,39,72509,2,Lopez,False,topspin,backhand,7.82,1.53,3.43,9.91,0.72,24.49,6.94,16.97,2009.72
89,39,72531,3,Farah,False,volley,forehand,7.87,0.71,3.72,10.67,1.29,22.72,6.99,15.84,2010.6000000000001
90,40,72590,1,Murray,False,volley,forehand,7.32,1.0,3.9,9.59,3.65,22.7,6.78,15.48,2012.96
91,40,72665,2,Cabal,False,slice,forehand,11.1,7.04,5.56,7.35,4.16,17.46,8.69,16.19,2015.96
92,40,72708,3,Lopez,False,volley,backhand,11.34,6.73,4.89,6.65,3.66,14.88,7.68,16.35,2017.68
93,40,72742,4,Farah,False,volley,forehand,10.04,6.14,5.3,6.56,3.78,13.47,6.82,17.12,2019.0400000000002
94,40,72758,5,Lopez,False,volley,backhand,9.58,4.63,5.15,6.69,3.48,16.02,6.11,18.41,2019.68
95,41,73997,1,Cabal,True,points,forehand,3.71,0.18,7.13,9.31,3.4,21.92,9.53,25.72,2069.2399999990002
96,42,74489,1,Cabal,True,points,forehand,3.97,0.24,7.59,8.9,4.41,17.38,9.56,24.5,2088.92
97,42,74533,2,Murray,False,topspin,backhand,4.01,3.26,7.55,10.09,4.37,16.84,8.95,24.94,2090.6799999990003
98,42,74567,3,Cabal,False,volley,backhand,2.59,7.01,6.54,11.38,4.64,17.06,7.91,24.09,2092.04
99,42,74620,4,Murray,False,topspin,backhand,2.62,8.69,8.01,9.36,6.99,15.84,10.97,22.03,2094.1599999990003
100,43,75962,1,Cabal,True,points,forehand,7.86,0.21,4.11,9.54,2.11,25.8,7.7,22.86,2147.84
101,43,75997,2,Lopez,False,lob,backhand,7.75,2.63,4.05,10.23,2.21,25.46,7.7,23.16,2149.2399999990002
102,43,76088,3,Farah,False,smash,forehand,5.26,5.36,1.97,8.02,3.94,26.59,10.75,24.81,2152.88
103,43,76119,4,Lopez,False,lob,backhand,5.8,7.21,1.39,6.08,3.87,26.7,12.34,24.69,2154.1200000000003
104,43,76201,5,Farah,False,smash,forehand,6.67,9.06,3.69,6.7,4.07,26.94,10.13,24.71,2157.4
105,43,76235,6,Murray,False,lob,forehand,6.71,9.73,4.44,5.69,4.28,27.29,8.59,25.84,2158.76
106,43,76310,7,Farah,False,smash,forehand,7.36,9.57,4.95,6.52,3.01,27.55,8.17,25.62,2161.76
107,44,77524,1,Cabal,True,points,forehand,5.26,0.09,6.27,9.22,3.39,21.44,9.08,25.16,2210.32
108,45,78136,1,Cabal,True,points,forehand,5.04,0.56,6.38,9.78,4.47,18.34,9.31,25.38,2234.8
109,45,78174,2,Murray,False,topspin,forehand,5.12,1.95,6.32,10.54,4.32,18.02,7.57,25.29,2236.32
110,46,82617,1,Murray,True,points,forehand,1.13,27.09,6.89,18.65,3.74,9.54,7.77,0.57,2414.04
111,47,83265,1,Murray,True,points,forehand,1.22,25.81,6.79,18.07,3.67,9.96,7.91,0.54,2439.96
112,47,83315,2,Cabal,False,topspin,backhand,1.52,26.38,6.75,18.49,3.78,10.5,7.65,3.87,2441.96
113,48,84494,1,Murray,True,points,forehand,3.17,24.79,8.85,26.18,7.72,9.72,3.44,0.32,2489.1200000000003
114,48,85415,2,Murray,True,points,forehand,3.81,16.54,8.77,24.84,7.42,9.36,3.4,0.32,2525.96
115,48,85454,3,Farah,False,topspin,backhand,3.69,16.69,9.07,24.51,7.26,10.2,3.37,2.66,2527.52
116,48,85486,4,Lopez,False,volley,forehand,3.64,16.02,7.94,24.2,7.55,10.53,3.28,4.94,2528.8
117,49,86633,1,Murray,True,points,forehand,1.34,26.27,6.87,18.9,3.74,9.39,7.75,0.3,2574.6800000000003
118,50,87246,1,Murray,True,points,forehand,1.48,25.14,6.84,17.59,3.88,9.03,7.98,0.13,2599.2000000000003
119,50,87292,2,Cabal,False,topspin,backhand,2.92,25.12,6.9,17.51,3.83,9.34,7.76,3.07,2601.04
120,50,87315,3,Lopez,False,volley,forehand,3.15,24.47,6.93,17.04,3.3,9.91,7.71,4.61,2601.96
121,50,87337,4,Farah,False,volley,forehand,3.8,24.24,5.88,17.52,3.86,9.34,7.39,5.99,2602.84
122,50,87362,5,Lopez,False,volley,forehand,5.83,23.69,6.1,16.37,3.88,9.23,7.28,6.85,2603.84
123,51,88624,1,Murray,True,points,forehand,3.28,24.35,8.99,25.95,7.84,9.82,3.43,0.35,2654.32
124,52,89329,1,Murray,True,points,forehand,3.74,16.24,8.82,24.73,7.44,9.57,3.31,0.32,2682.52
125,52,89379,2,Farah,False,topspin,backhand,3.8,15.87,9.09,24.72,7.35,9.83,3.11,3.68,2684.52
126,52,89416,3,Murray,False,volley,forehand,3.99,15.36,8.0,23.36,7.61,9.62,3.2,5.94,2686.0
127,52,89502,4,Farah,False,topspin,forehand,6.35,16.14,-0.0,23.04,6.63,8.81,2.09,9.15,2689.44
128,53,90707,1,Murray,True,points,forehand,2.01,25.58,7.23,21.12,4.88,9.74,6.67,0.28,2737.6400000000003
129,54,91331,1,Murray,True,points,forehand,1.52,24.48,6.9,16.59,3.73,9.18,7.84,-0.05,2762.6000000000004
130,54,91381,2,Cabal,False,topspin,backhand,2.56,24.36,6.86,16.06,3.62,8.83,7.43,3.45,2764.6000000000004
131,54,91421,3,Murray,False,volley,forehand,2.42,22.81,6.95,14.85,3.65,8.54,7.8,5.83,2766.2000000000003
132,54,91510,4,Cabal,False,slice,forehand,-1.14,17.91,5.0,15.86,1.82,8.65,5.33,8.05,2769.76
133,54,91556,5,Murray,False,volley,backhand,-2.61,16.6,4.49,17.3,2.98,9.04,4.99,8.82,2771.6000000000004
134,54,91601,6,Farah,False,volley,backhand,-2.06,15.21,7.14,18.07,3.33,7.92,6.72,7.25,2773.4
135,55,93514,1,Farah,True,points,forehand,7.25,16.66,3.67,26.82,9.52,-0.43,3.56,1.68,2849.92
136,55,93550,2,Lopez,False,topspin,forehand,7.06,16.36,3.6,24.35,8.6,0.46,3.43,1.77,2851.36
137,55,93580,3,Cabal,False,volley,forehand,5.57,17.6,3.63,21.62,9.59,1.19,2.91,1.56,2852.5600000000004
138,56,94668,1,Farah,True,points,forehand,6.45,15.2,8.31,24.52,8.85,1.99,3.14,-0.83,2896.0800000000004
139,57,95648,1,Farah,True,points,forehand,6.23,15.78,2.44,24.58,8.68,-0.81,2.82,6.19,2935.28
140,57,95683,2,Lopez,False,topspin,backhand,6.21,16.22,2.62,22.51,9.47,0.18,2.85,6.32,2936.6800000000003
141,57,95721,3,Cabal,False,volley,forehand,4.65,16.53,3.13,19.63,10.5,0.96,2.41,6.11,2938.2000000000003
142,57,95742,4,Murray,False,volley,forehand,4.46,15.79,3.86,18.51,10.02,0.9,3.38,5.86,2939.04
143,58,96888,1,Farah,True,points,forehand,6.53,15.56,10.65,25.82,9.65,2.11,3.19,-0.52,2984.88
144,59,97583,1,Farah,True,points,forehand,5.94,15.14,9.71,24.29,8.57,6.71,3.16,0.46,3012.6800000000003
145,59,97619,2,Murray,False,topspin,backhand,5.89,15.0,9.47,22.14,8.6,6.71,3.43,0.94,3014.1200000000003
146,59,97646,3,Cabal,False,volley,backhand,7.6,15.76,10.14,20.0,8.56,6.66,3.67,1.02,3015.2000000000003
147,60,103107,1,Lopez,True,points,forehand,8.57,-1.34,3.37,0.43,4.07,23.82,7.07,16.13,3233.6400000000003
148,60,103143,2,Cabal,False,lob,forehand,9.71,-0.4,3.33,0.08,3.6,21.06,7.38,14.57,3235.0800000000004
149,60,103224,3,Lopez,False,smash,forehand,7.85,3.83,3.22,2.83,5.98,21.41,5.92,15.0,3238.32
150,61,104083,1,Lopez,True,points,forehand,8.04,-0.42,2.37,-1.19,8.21,22.16,4.79,14.52,3272.6800000000003
151,62,104590,1,Lopez,True,points,forehand,8.12,-0.19,2.5,-0.85,8.82,24.19,5.01,16.08,3292.96
152,63,105608,1,Lopez,True,points,forehand,8.76,-0.96,3.4,0.4,4.15,24.56,7.18,16.43,3333.6800000000003
153,63,105648,2,Cabal,False,lob,backhand,5.98,-0.28,3.51,0.24,3.5,21.25,6.72,14.99,3335.28
154,63,105788,3,Murray,False,topspin,backhand,2.19,-1.52,4.1,5.26,5.07,19.61,10.71,22.62,3340.88
155,63,105822,4,Farah,False,volley,forehand,4.23,-1.2,6.58,7.9,4.97,17.22,10.52,24.06,3342.2400000000002
156,63,105844,5,Lopez,False,volley,forehand,4.59,-1.35,7.65,8.46,5.06,16.15,10.21,24.93,3343.1200000000003
157,64,107021,1,Lopez,True,points,forehand,8.55,-1.1,2.41,-1.55,9.21,22.34,5.53,14.72,3390.2000000000003
158,64,107061,2,Farah,False,topspin,backhand,8.58,-0.88,0.77,0.9,9.45,20.0,5.49,14.18,3391.8
159,64,107153,3,Lopez,False,topspin,forehand,6.89,-0.82,0.09,1.49,12.98,17.77,6.45,14.92,3395.48
160,64,107201,4,Cabal,False,topspin,backhand,4.31,-0.11,2.73,0.11,12.69,18.93,5.37,14.93,3397.4
161,65,108228,1,Lopez,True,points,forehand,8.45,-1.51,3.19,-0.11,3.62,22.9,6.58,14.64,3438.48
162,65,108263,2,Cabal,False,topspin,forehand,8.25,-0.9,3.21,-0.19,3.33,20.06,6.73,13.97,3439.88
163,65,108299,3,Lopez,False,volley,backhand,7.42,-1.64,3.08,-0.03,2.32,17.87,6.59,13.32,3441.32
164,65,108376,4,Farah,False,topspin,forehand,6.53,0.09,4.45,0.99,3.07,15.23,6.42,15.92,3444.4
165,65,108402,5,Murray,False,volley,forehand,6.59,0.36,3.67,0.82,3.43,15.44,5.69,16.67,3445.44
166,65,108475,6,Farah,False,topspin,forehand,6.43,2.71,4.06,3.36,3.26,16.1,6.61,16.44,3448.36
167,65,108505,7,Murray,False,volley,backhand,6.34,5.39,3.96,4.52,3.38,15.8,6.89,16.66,3449.5600000000004
168,65,108551,8,Farah,False,volley,backhand,6.05,7.12,1.7,6.93,2.72,15.52,6.5,16.14,3451.4
169,66,109658,1,Lopez,True,points,forehand,8.33,-0.83,2.44,-1.14,8.71,22.05,5.18,14.79,3495.6800000000003
170,67,110054,1,Lopez,True,points,forehand,8.68,-0.4,2.53,-0.13,9.28,22.64,5.8,15.28,3511.5200000000004
171,67,110086,2,Farah,False,topspin,forehand,8.84,-0.66,2.6,0.44,9.46,19.74,5.68,14.86,3512.8
172,68,111789,1,Cabal,True,points,forehand,8.13,-0.21,4.47,8.39,2.74,23.83,7.82,21.58,3580.92
173,68,111827,2,Lopez,False,topspin,backhand,7.83,2.41,4.02,8.93,0.85,23.13,7.8,21.3,3582.44
174,69,112696,1,Cabal,True,points,forehand,4.16,-0.06,7.82,8.51,4.3,21.05,10.03,23.86,3617.2000000000003
175,69,112731,2,Murray,False,topspin,backhand,4.43,2.36,7.85,9.46,4.33,21.43,9.34,23.45,3618.6000000000004
176,69,112757,3,Farah,False,volley,forehand,3.85,4.15,7.4,10.75,4.1,21.52,8.33,23.56,3619.6400000000003
177,70,113645,1,Cabal,True,points,forehand,7.93,0.08,4.24,9.18,2.16,23.94,7.47,17.83,3655.1600000000003
178,70,113678,2,Lopez,False,topspin,forehand,7.72,3.07,4.36,9.54,3.08,23.41,7.55,17.75,3656.48
179,71,114566,1,Cabal,True,points,forehand,4.36,0.26,7.65,9.26,3.96,21.81,9.54,23.76,3692.0000000000005
180,71,114591,2,Murray,False,lob,backhand,4.36,2.52,7.93,9.67,3.95,21.62,11.15,23.85,3693.0000000000005
181,71,114711,3,Farah,False,smash,forehand,4.44,7.0,7.44,10.04,3.11,22.41,9.87,23.34,3697.8
182,72,120172,1,Murray,True,points,forehand,,,,,,,1.88,10.08,3916.2400000000002
183,73,121227,1,Murray,True,points,forehand,3.77,25.56,9.48,26.52,7.98,9.61,3.72,0.21,3958.44
184,73,121264,2,Farah,False,topspin,backhand,3.8,25.22,9.37,24.94,7.99,9.31,3.58,2.53,3959.92
185,73,121308,3,Lopez,False,volley,forehand,3.81,24.46,7.54,24.2,6.82,10.21,3.65,5.53,3961.6800000000003
186,74,122256,1,Murray,True,points,forehand,1.68,26.97,7.33,18.07,3.88,9.44,8.07,0.21,3999.6000000000004
187,74,122288,2,Cabal,False,topspin,backhand,3.85,26.24,7.3,18.73,3.93,9.18,7.78,1.96,4000.88
188,74,122339,3,Murray,False,volley,forehand,4.79,26.46,7.33,17.67,4.43,8.83,8.39,5.42,4002.92
189,75,123592,1,Murray,True,points,forehand,3.23,25.12,9.13,26.3,7.69,8.9,3.48,0.02,4053.0400000000004
190,75,123628,2,Farah,False,topspin,forehand,3.25,25.23,7.4,24.96,7.62,9.99,3.18,2.43,4054.4800000000005
191,75,123652,3,Lopez,False,volley,forehand,3.25,24.68,7.57,24.42,6.41,10.05,2.92,4.04,4055.44
192,75,123690,4,Cabal,False,lob,forehand,1.29,24.92,7.17,23.78,5.95,10.05,3.11,6.88,4056.96
193,76,124797,1,Murray,True,points,forehand,0.92,25.7,6.94,17.2,3.47,8.98,7.97,-0.16,4101.240000000001
194,76,124835,2,Cabal,False,lob,forehand,-0.41,23.97,6.84,17.51,3.22,9.29,7.74,1.9,4102.76
195,76,124910,3,Lopez,False,smash,forehand,1.42,19.99,6.7,18.74,3.14,7.01,7.12,4.35,4105.76
196,77,126752,1,Farah,True,points,forehand,7.23,16.29,3.54,26.24,9.48,-1.22,3.64,1.42,4179.439999999
197,78,127719,1,Farah,True,points,forehand,6.36,16.62,2.49,26.07,9.01,-0.67,2.8,7.25,4218.12
198,78,127761,2,Lopez,False,topspin,backhand,5.96,16.25,1.69,23.16,10.04,0.97,2.82,7.66,4219.8
199,78,127794,3,Farah,False,volley,backhand,6.5,15.02,2.16,20.29,11.5,1.95,3.23,7.8,4221.12
200,79,129292,1,Lopez,True,points,forehand,3.29,26.95,9.51,28.09,4.26,0.62,7.44,8.96,4281.04
201,80,129689,1,Lopez,True,points,forehand,3.4,26.71,9.38,27.23,3.85,0.62,7.39,9.11,4296.92
202,80,129727,2,Farah,False,topspin,forehand,3.43,26.83,9.1,27.24,4.03,3.02,7.87,10.52,4298.439999999
203,81,131098,1,Lopez,True,points,forehand,1.98,27.81,7.54,25.4,6.86,0.3,3.83,9.08,4353.279999999
204,82,131825,1,Lopez,True,points,forehand,2.0,28.18,7.47,26.08,6.82,0.66,3.59,8.98,4382.359999999
205,83,132325,1,Lopez,True,points,forehand,2.17,27.68,6.92,18.9,6.72,0.52,3.69,9.13,4402.360000000001
206,83,132364,2,Cabal,False,topspin,backhand,2.67,28.17,6.95,18.9,7.25,3.41,3.3,10.84,4403.92
207,83,132396,3,Murray,False,volley,forehand,2.21,26.14,6.87,18.15,7.35,6.12,3.35,11.69,4405.200000000001
208,84,133909,1,Cabal,True,points,forehand,9.79,24.07,5.95,14.51,9.08,1.32,2.86,-1.19,4465.72
209,84,133944,2,Murray,False,topspin,forehand,9.3,21.86,5.8,15.0,9.07,1.32,4.58,-0.53,4467.12
210,85,135019,1,Cabal,True,points,forehand,2.93,25.45,7.28,15.62,9.7,-1.25,3.92,2.33,4510.12
211,85,135052,2,Lopez,False,topspin,backhand,3.26,23.21,7.45,15.05,10.75,-0.07,4.07,2.56,4511.4400000000005
212,85,135078,3,Farah,False,volley,backhand,3.38,20.88,8.96,14.69,11.6,0.92,3.84,2.56,4512.4800000000005
213,86,136799,1,Murray,True,points,forehand,3.71,19.53,9.37,30.43,7.75,11.25,3.47,1.14,4581.320000000001
214,86,136837,2,Farah,False,topspin,backhand,3.57,19.27,9.52,29.36,7.87,11.31,3.44,3.37,4582.84
215,86,136872,3,Murray,False,volley,backhand,3.81,19.1,8.19,28.61,8.07,11.31,3.21,7.28,4584.240000000001
216,87,139061,1,Murray,True,points,forehand,9.48,-0.86,3.56,6.79,6.67,14.85,2.44,23.32,4671.8
217,88,140531,1,Murray,True,points,forehand,9.42,-0.38,3.5,7.41,6.49,15.7,2.43,24.36,4730.6
218,88,140584,2,Cabal,False,topspin,backhand,7.82,0.8,3.55,7.27,6.62,15.77,2.7,21.07,4732.72
219,88,140619,3,Murray,False,volley,forehand,7.25,0.58,3.58,8.88,6.68,15.84,1.58,18.95,4734.12
220,89,142649,1,Farah,True,points,forehand,5.28,8.77,4.31,-0.09,2.19,21.64,7.91,25.18,4815.320000000001
221,90,143363,1,Farah,True,points,forehand,6.45,8.81,3.62,0.21,3.37,17.47,8.16,23.88,4843.88
222,90,143405,2,Murray,False,topspin,backhand,6.09,10.1,4.44,1.67,3.09,17.55,7.63,23.68,4845.56
223,90,143441,3,Farah,False,volley,backhand,4.14,10.94,5.51,3.49,3.0,17.71,6.73,23.38,4847.0
224,91,145008,1,Farah,True,points,forehand,3.69,7.59,7.13,-0.39,1.69,23.22,7.05,19.59,4909.68
225,91,145046,2,Lopez,False,topspin,backhand,3.48,8.16,7.16,1.48,0.95,21.75,7.02,19.41,4911.200000000001
226,93,146620,1,Lopez,True,points,forehand,8.07,-0.29,1.27,0.44,7.72,26.31,4.13,17.38,4974.160000000001
227,94,147054,1,Lopez,True,points,forehand,7.65,0.38,1.48,0.92,8.46,26.89,4.4,18.26,4991.52
228,94,147096,2,Farah,False,topspin,backhand,7.8,0.13,1.95,1.18,8.41,23.36,4.36,17.07,4993.200000000001
229,94,147147,3,Lopez,False,volley,forehand,7.34,0.33,1.81,0.83,9.69,20.54,4.66,15.5,4995.240000000001
230,94,147210,4,Farah,False,topspin,backhand,6.37,1.94,1.35,3.8,7.72,18.56,3.48,18.11,4997.76
231,94,147247,5,Murray,False,volley,forehand,7.02,1.78,2.29,2.86,6.84,18.48,3.56,19.45,4999.240000000001
232,94,147291,6,Cabal,False,topspin,backhand,9.33,2.43,3.7,1.59,7.27,18.56,4.16,18.59,5001.0
233,94,147379,7,Murray,False,smash,backhand,8.85,0.88,3.37,1.0,6.56,18.65,5.38,23.08,5004.52
234,94,147455,8,Farah,False,topspin,forehand,7.12,4.31,3.07,0.11,6.36,17.84,3.31,27.43,5007.56
235,94,147510,9,Murray,False,topspin,forehand,6.02,9.79,3.07,0.16,7.11,18.98,3.01,29.18,5009.76
236,94,147535,10,Cabal,False,volley,forehand,6.72,11.9,3.55,-0.19,6.94,18.9,3.54,29.04,5010.76
237,95,149009,1,Lopez,True,points,forehand,8.36,-1.41,3.03,0.32,3.59,23.2,6.52,15.56,5069.72
238,95,149042,2,Cabal,False,topspin,backhand,7.16,-0.72,3.07,0.13,2.98,21.16,6.58,14.64,5071.04
239,95,149069,3,Murray,False,volley,forehand,7.08,-1.14,3.0,0.27,2.64,19.46,5.75,14.86,5072.12
240,96,150971,1,Cabal,True,points,forehand,4.74,0.29,5.91,9.58,2.5,22.31,8.49,25.73,5148.200000000001
241,96,151009,2,Murray,False,topspin,forehand,4.56,2.78,6.32,10.7,2.09,22.52,7.1,25.52,5149.72
242,96,151046,3,Cabal,False,volley,backhand,1.85,6.28,6.81,10.98,1.27,22.13,7.82,23.47,5151.200000000001
243,96,151106,4,Murray,False,topspin,forehand,1.29,6.8,6.9,9.36,1.63,21.93,8.67,22.85,5153.6
244,98,158228,1,Lopez,True,points,forehand,1.34,28.31,6.98,26.09,6.67,0.72,3.22,9.29,5438.4800000000005
245,99,158625,1,Lopez,True,points,forehand,1.34,27.45,6.22,18.49,6.39,0.55,3.2,9.04,5454.360000000001
246,99,158662,2,Cabal,False,topspin,backhand,3.24,25.9,6.18,18.74,7.0,3.14,2.95,10.56,5455.84
247,99,158705,3,Lopez,False,volley,backhand,3.24,26.83,6.25,18.24,7.7,7.34,3.06,10.73,5457.56
248,100,159603,1,Lopez,True,points,forehand,3.6,24.03,9.27,25.05,4.09,-0.06,7.27,8.18,5493.4800000000005
249,100,159639,2,Farah,False,topspin,backhand,3.63,23.2,10.9,23.64,4.28,2.36,7.75,9.05,5494.92
250,100,159703,3,Lopez,False,volley,forehand,4.35,24.02,10.65,22.53,2.77,6.79,7.11,9.31,5497.4800000000005
251,100,159770,4,Cabal,False,lob,backhand,5.34,22.09,7.4,21.87,3.76,7.92,7.09,8.22,5500.160000000001
252,101,160739,1,Lopez,True,points,forehand,3.14,25.01,8.2,22.95,7.18,-0.24,4.17,8.39,5538.92
253,101,160774,2,Cabal,False,topspin,forehand,2.01,23.94,8.19,23.05,7.89,2.28,3.64,9.24,5540.320000000001
254,102,161472,1,Lopez,True,points,forehand,4.33,22.89,9.73,23.65,4.39,-0.3,7.74,7.61,5568.240000000001
255,103,161881,1,Lopez,True,points,forehand,3.44,25.23,9.26,25.95,3.8,0.32,7.36,8.71,5584.6
256,103,161920,2,Farah,False,topspin,backhand,3.46,25.56,8.34,25.5,3.99,2.85,7.59,10.47,5586.160000000001
257,104,162864,1,Lopez,True,points,forehand,2.22,26.26,7.43,24.31,6.54,0.19,3.77,8.54,5623.92
258,104,162897,2,Cabal,False,topspin,backhand,3.35,25.45,7.41,24.2,7.13,2.25,3.78,9.65,5625.240000000001
259,104,162952,3,Lopez,False,volley,backhand,2.93,23.94,7.47,24.2,9.84,6.19,4.09,9.08,5627.4400000000005
260,104,163017,4,Farah,False,topspin,backhand,3.78,19.97,8.72,22.74,8.62,8.02,4.31,7.91,5630.04
261,104,163047,5,Lopez,False,volley,forehand,3.81,19.19,7.87,24.63,8.17,8.8,4.29,7.59,5631.240000000001
262,104,163116,6,Farah,False,topspin,backhand,3.99,17.07,7.64,24.2,7.93,8.46,4.19,8.06,5634.0
263,104,163152,7,Murray,False,volley,backhand,4.4,16.91,6.85,25.08,7.55,8.03,2.64,9.86,5635.4400000000005
264,104,163239,8,Cabal,False,topspin,backhand,11.22,15.02,8.69,20.46,7.88,6.03,1.63,7.75,5638.92
265,104,163277,9,Murray,False,volley,forehand,13.72,14.86,7.45,19.07,7.54,5.58,3.11,8.21,5640.4400000000005
266,105,165903,1,Cabal,True,points,forehand,7.78,0.19,3.83,9.28,1.33,25.36,7.09,22.56,5745.4800000000005
267,106,166622,1,Cabal,True,points,forehand,7.79,0.71,3.76,10.07,1.2,27.21,7.27,19.76,5774.240000000001
268,106,166662,2,Lopez,False,topspin,forehand,7.54,3.8,3.46,11.17,1.62,26.38,7.23,18.73,5775.84
269,107,167698,1,Cabal,True,points,forehand,3.58,0.82,7.16,10.42,2.91,24.58,9.66,28.72,5817.280000000001
270,107,167736,2,Murray,False,topspin,backhand,4.04,2.17,6.8,11.38,2.7,24.58,10.57,27.59,5818.8
271,107,167761,3,Farah,False,volley,forehand,4.42,1.28,6.53,12.44,2.47,25.02,10.43,26.98,5819.8
272,108,168570,1,Cabal,True,points,forehand,7.75,0.74,3.7,9.86,1.14,27.21,7.19,23.27,5852.160000000001
273,108,168617,2,Lopez,False,lob,backhand,7.22,4.38,3.03,10.13,-1.43,27.12,7.15,23.37,5854.04
274,108,168693,3,Farah,False,smash,forehand,6.58,7.21,1.84,6.8,-0.74,25.95,6.87,24.97,5857.08
275,108,168722,4,Lopez,False,topspin,forehand,6.34,9.01,1.82,3.91,2.78,26.14,6.5,25.53,5858.240000000001
276,109,169670,1,Cabal,True,points,forehand,5.13,0.23,6.19,9.32,2.8,22.21,9.03,25.72,5896.160000000001
277,109,169705,2,Murray,False,topspin,backhand,5.65,2.32,6.37,10.05,2.81,22.31,9.16,24.4,5897.56
278,110,170825,1,Cabal,True,points,forehand,7.51,-0.05,3.63,8.64,1.5,25.14,7.1,21.03,5942.360000000001
279,111,171339,1,Cabal,True,points,forehand,7.65,-0.11,3.84,8.34,1.54,24.16,7.12,16.58,5962.92
280,111,171382,2,Lopez,False,topspin,backhand,7.43,2.57,3.52,9.54,1.29,23.33,6.81,15.92,5964.64
281,111,171408,3,Farah,False,volley,forehand,7.39,4.09,4.57,9.8,1.51,22.52,6.89,15.2,5965.68
282,112,173063,1,Murray,True,points,forehand,8.88,-1.25,4.06,6.14,5.98,13.97,3.99,23.4,6031.88
283,113,173728,1,Murray,True,points,forehand,9.03,-0.48,3.85,6.27,5.61,14.45,3.68,23.31,6058.4800000000005
284,113,173776,2,Cabal,False,topspin,backhand,7.89,-0.16,3.84,6.14,5.9,14.31,3.45,19.97,6060.400000000001
285,114,173822,1,Murray,False,volley,backhand,7.35,0.6,3.88,7.5,6.17,13.71,4.12,16.69,6062.240000000001
286,114,173892,2,Cabal,False,topspin,forehand,8.77,1.5,5.57,7.62,6.98,15.55,3.83,15.22,6065.04
287,114,173918,3,Lopez,False,volley,backhand,8.53,1.29,5.15,7.91,5.59,16.0,4.08,15.36,6066.08
288,115,175245,1,Murray,True,points,forehand,8.11,7.47,2.88,-1.14,4.52,15.01,9.2,23.97,6119.160000000001
289,116,175993,1,Murray,True,points,forehand,8.78,8.95,3.06,0.32,5.47,16.52,10.46,26.05,6149.080000000001
290,116,176034,2,Farah,False,topspin,backhand,8.74,8.7,1.89,1.84,5.79,16.9,10.36,22.73,6150.72
291,116,176065,3,Lopez,False,volley,forehand,8.92,9.35,0.65,2.48,8.49,16.65,10.17,20.17,6151.96
292,117,177312,1,Murray,True,points,forehand,9.58,-1.37,3.6,6.53,6.79,14.64,2.52,24.15,6201.84
293,117,177353,2,Cabal,False,topspin,forehand,11.54,0.14,3.75,6.48,7.04,14.99,2.97,20.97,6203.4800000000005
294,117,177392,3,Murray,False,volley,backhand,11.8,-0.44,3.9,6.27,7.15,14.92,3.19,19.02,6205.04
295,118,178619,1,Murray,True,points,forehand,8.09,8.03,2.41,0.03,4.58,15.01,9.22,25.38,6254.120000000001
296,118,178655,2,Farah,False,topspin,forehand,8.09,7.84,3.29,0.32,4.72,15.22,9.31,22.15,6255.56
297,119,179636,1,Murray,True,points,forehand,8.83,-0.98,3.03,6.7,6.18,14.99,1.5,24.16,6294.8
298,119,179670,2,Cabal,False,topspin,backhand,7.43,-0.34,2.97,6.45,6.0,15.28,1.8,22.32,6296.160000000001
299,120,185474,1,Farah,True,points,forehand,6.64,17.05,2.99,26.95,9.1,-0.76,3.14,2.93,6528.320000000001
300,120,185508,2,Lopez,False,topspin,forehand,6.61,17.05,3.0,24.36,7.1,0.19,2.98,3.2,6529.68
301,121,186717,1,Farah,True,points,forehand,3.98,19.01,7.44,29.78,7.95,3.9,1.7,0.69,6578.04
302,122,187437,1,Farah,True,points,forehand,4.47,18.18,5.63,28.76,7.06,8.71,2.02,2.0,6606.84
303,122,187475,2,Murray,False,topspin,backhand,4.51,18.02,6.0,26.92,7.57,7.89,2.83,2.6,6608.360000000001
304,122,187516,3,Farah,False,volley,backhand,3.58,17.0,8.29,23.46,6.91,9.57,3.39,3.03,6610.0
305,122,187550,4,Lopez,False,volley,forehand,3.51,18.35,9.55,21.66,4.86,12.58,2.86,3.65,6611.360000000001
306,123,188842,1,Farah,True,points,forehand,6.38,17.52,4.44,28.52,9.46,-0.14,3.52,3.51,6663.04
307,123,188875,2,Lopez,False,topspin,forehand,6.28,18.0,4.48,27.17,8.31,1.11,3.56,3.44,6664.360000000001
308,124,190260,1,Farah,True,points,forehand,4.84,19.01,6.15,30.88,7.95,3.69,1.87,0.61,6719.76
309,125,191591,1,Farah,True,points,forehand,6.95,18.82,2.75,29.57,9.36,0.45,3.35,3.93,6773.0
310,125,191623,2,Lopez,False,topspin,backhand,6.97,18.48,2.69,27.07,10.03,1.4,3.47,4.0,6774.280000000001
311,125,191645,3,Cabal,False,volley,backhand,7.63,18.07,3.16,25.45,10.14,2.26,3.36,4.0,6775.160000000001
312,126,192930,1,Farah,True,points,forehand,4.69,19.61,5.97,31.86,8.0,3.98,1.56,0.78,6826.56
313,126,192968,2,Murray,False,topspin,forehand,5.16,19.52,5.46,29.41,8.37,3.72,4.64,1.4,6828.080000000001
314,127,194575,1,Farah,True,points,forehand,4.65,19.44,5.85,31.02,7.81,4.12,1.77,0.8,6892.360000000001
315,127,194610,2,Murray,False,topspin,forehand,5.07,18.92,5.38,29.15,8.24,4.34,4.03,1.74,6893.76
316,127,194654,3,Farah,False,volley,forehand,6.64,18.08,3.49,26.36,8.37,5.62,4.05,1.71,6895.52
317,127,194714,4,Lopez,False,topspin,forehand,7.43,21.68,3.94,23.2,7.73,4.49,2.28,3.13,6897.92
318,127,194747,5,Cabal,False,volley,forehand,6.61,20.48,4.97,21.42,8.9,2.89,2.41,4.45,6899.240000000001
319,127,194841,6,Lopez,False,lob,backhand,8.76,20.64,4.83,20.86,10.52,0.17,3.59,2.18,6903.0
320,127,195029,7,Cabal,False,smash,forehand,6.48,30.33,4.22,19.01,8.36,0.29,1.72,-0.13,6910.52
321,127,195066,8,Lopez,False,topspin,forehand,6.4,29.27,4.43,18.67,6.8,1.27,2.11,-0.02,6912.0
322,127,195159,9,Cabal,False,topspin,forehand,8.2,34.68,5.58,19.25,8.3,6.49,1.71,2.57,6915.72
323,128,197174,1,Lopez,True,points,forehand,1.99,30.93,7.59,29.39,6.84,1.63,3.64,10.78,6996.320000000001
324,128,197209,2,Cabal,False,lob,backhand,4.54,31.01,7.49,28.46,7.54,4.12,3.85,12.45,6997.72
325,128,197291,3,Lopez,False,smash,forehand,3.8,32.29,8.05,30.69,4.66,7.76,2.68,11.63,7001.0
326,129,198158,1,Lopez,True,points,forehand,3.31,27.4,9.66,28.69,4.11,1.16,7.36,9.66,7035.68
327,129,198198,2,Farah,False,topspin,backhand,3.4,27.16,10.58,27.44,4.0,3.78,7.82,11.18,7037.280000000001
328,129,198227,3,Murray,False,volley,backhand,3.4,27.64,9.4,26.04,3.7,6.6,7.6,11.59,7038.4400000000005
329,130,199069,1,Lopez,True,points,forehand,2.16,28.28,6.93,18.88,6.83,0.94,3.61,9.53,7072.120000000001
330,130,199104,2,Cabal,False,topspin,forehand,2.67,27.05,6.98,19.74,7.3,3.41,3.52,10.77,7073.52
331,131,199904,1,Lopez,True,points,forehand,3.35,26.57,9.26,27.46,3.8,0.93,7.22,9.45,7105.52
332,131,199938,2,Farah,False,lob,forehand,3.38,26.69,8.6,27.22,4.19,3.05,7.48,11.36,7106.88
333,131,199998,3,Murray,False,smash,forehand,2.84,25.21,6.92,25.84,4.52,7.39,9.66,12.04,7109.280000000001
334,132,200949,1,Lopez,True,points,forehand,2.04,27.78,6.97,18.88,6.73,0.83,3.6,9.74,7147.320000000001
335,133,201381,1,Lopez,True,points,forehand,2.28,26.93,6.68,18.72,6.77,0.88,3.6,9.74,7164.6
336,133,201419,2,Cabal,False,topspin,forehand,2.32,26.82,6.66,19.14,7.28,3.76,3.52,11.16,7166.120000000001
337,133,201440,3,Murray,False,volley,forehand,3.21,26.57,6.39,18.64,7.46,5.58,4.09,11.33,7166.96
338,133,201491,4,Cabal,False,lob,backhand,3.82,25.2,6.58,18.3,7.05,8.22,3.36,10.71,7169.0
339,133,201547,5,Murray,False,smash,backhand,3.72,23.8,6.12,18.48,5.6,6.42,2.4,8.83,7171.240000000001
340,134,206738,1,Cabal,True,points,forehand,7.84,0.46,3.55,10.17,1.07,28.79,7.3,24.28,7378.88
341,134,206780,2,Lopez,False,topspin,backhand,7.49,3.49,3.08,11.26,0.14,26.94,7.1,24.73,7380.56
342,134,206816,3,Farah,False,volley,forehand,7.13,6.02,4.4,11.85,0.26,26.28,7.45,23.44,7382.000000000001
343,134,206884,4,Murray,False,topspin,backhand,8.62,8.5,5.0,10.1,2.75,24.68,11.87,20.07,7384.72
344,134,206908,5,Farah,False,volley,forehand,9.33,8.4,6.4,9.89,3.9,24.37,13.35,19.32,7385.68
345,135,208292,1,Cabal,True,points,forehand,5.15,0.29,6.08,10.25,2.95,23.59,9.23,29.03,7441.040000000001
346,136,208894,1,Cabal,True,points,forehand,5.12,0.11,6.03,9.9,3.56,19.33,8.91,25.86,7465.120000000001
347,136,208931,2,Murray,False,topspin,forehand,5.55,2.34,5.8,10.87,3.45,18.62,6.55,24.84,7466.6
348,137,210021,1,Cabal,True,points,forehand,7.74,0.27,3.63,9.92,1.09,27.83,7.08,23.16,7510.200000000001
349,137,210057,2,Lopez,False,lob,backhand,7.61,2.66,3.53,10.62,1.18,26.93,7.04,23.06,7511.64
350,137,210142,3,Cabal,False,volley,backhand,4.81,5.92,4.0,9.91,2.27,29.0,8.3,25.76,7515.040000000001
351,138,211540,1,Cabal,True,points,forehand,3.56,0.12,6.92,9.4,2.85,23.11,9.51,27.97,7570.96
352,138,211578,2,Murray,False,topspin,forehand,3.41,2.72,6.9,10.55,2.8,23.2,7.86,27.19,7572.4800000000005
353,139,213258,1,Murray,True,points,forehand,9.75,-1.49,3.99,6.68,7.19,15.75,2.94,24.78,7639.68
354,139,213294,2,Cabal,False,topspin,forehand,10.81,-0.8,3.74,6.6,7.07,15.68,2.82,22.82,7641.120000000001
355,139,213333,3,Murray,False,volley,forehand,11.25,0.08,3.63,7.73,7.44,15.47,1.69,20.34,7642.68
356,140,214809,1,Murray,True,points,forehand,7.65,9.35,2.23,0.25,3.9,16.89,8.27,27.52,7701.72
357,140,214848,2,Farah,False,topspin,backhand,7.69,9.02,3.02,0.58,4.16,17.18,8.55,24.62,7703.280000000001
358,140,214892,3,Murray,False,volley,backhand,7.29,9.89,3.84,0.98,3.71,16.9,8.73,21.48,7705.040000000001
359,141,216233,1,Murray,True,points,forehand,9.07,-0.67,4.01,7.69,6.04,16.03,3.77,27.01,7758.68
360,141,216267,2,Cabal,False,lob,backhand,7.43,0.33,4.02,7.4,6.15,16.11,4.01,24.79,7760.040000000001
361,141,216344,3,Lopez,False,smash,forehand,7.03,4.0,3.83,7.1,8.72,21.15,4.07,22.18,7763.120000000001
362,141,216366,4,Cabal,False,lob,backhand,5.92,4.31,3.45,5.94,9.14,20.45,4.01,21.37,7764.000000000001
363,142,218499,1,Murray,True,points,forehand,7.66,0.23,2.16,-0.31,4.62,15.85,6.23,26.02,7849.320000000001
364,143,219847,1,Murray,True,points,forehand,9.03,-1.15,4.02,6.94,6.04,15.23,3.98,25.51,7903.240000000001
365,144,220449,1,Murray,True,points,forehand,9.68,-0.26,4.05,7.02,5.92,14.97,3.84,25.2,7927.320000000001
366,144,220497,2,Cabal,False,topspin,backhand,8.86,0.22,4.01,7.31,6.28,15.3,3.63,21.82,7929.240000000001
367,144,220532,3,Murray,False,volley,backhand,8.65,0.64,4.07,8.68,7.14,15.69,3.66,19.19,7930.64
368,144,220646,4,Cabal,False,topspin,backhand,2.94,2.0,5.38,9.23,6.8,17.24,3.08,16.63,7935.200000000001
369,144,220674,5,Lopez,False,volley,backhand,2.86,2.03,5.8,9.04,5.94,17.92,3.26,16.91,7936.320000000001
370,144,220711,6,Cabal,False,volley,backhand,3.79,10.12,1.64,1.95,5.92,16.96,3.3,16.63,7937.8
371,144,220779,7,Lopez,False,slice,backhand,5.12,2.59,2.52,8.24,6.82,18.6,3.74,17.2,7940.52
372,144,220811,8,Farah,False,volley,forehand,5.64,1.99,4.65,8.04,7.36,17.53,4.0,17.23,7941.8
373,144,220842,9,Murray,False,volley,backhand,5.43,2.07,4.66,6.27,7.1,17.52,5.36,17.53,7943.040000000001
374,144,220920,10,Cabal,False,slice,forehand,10.11,6.02,4.48,6.65,8.07,17.51,5.1,17.15,7946.160000000001
375,145,223408,1,Murray,True,points,forehand,8.01,8.81,2.33,0.25,4.07,16.17,8.7,26.31,8045.68
376,145,223440,2,Farah,False,topspin,backhand,8.15,8.37,2.15,0.83,4.26,16.17,9.13,24.73,8046.960000000001
377,145,223486,3,Murray,False,volley,forehand,8.24,8.56,3.63,1.62,6.24,15.57,9.26,22.45,8048.8
378,145,223528,4,Cabal,False,volley,backhand,7.33,9.94,4.01,2.69,5.09,15.94,8.7,20.11,8050.4800000000005
379,146,224980,1,Murray,True,points,forehand,8.15,-0.03,2.54,-0.95,5.42,14.94,7.27,25.31,8108.56
380,147,225673,1,Murray,True,points,forehand,7.33,8.32,2.28,0.14,3.94,15.09,8.55,23.99,8136.280000000001
381,147,225715,2,Farah,False,topspin,backhand,7.78,8.03,1.75,1.54,4.75,15.58,9.0,20.65,8137.960000000001
382,148,231226,1,Farah,True,points,forehand,7.17,15.49,3.64,24.36,9.52,-1.1,3.71,2.66,8358.4
383,148,231260,2,Lopez,False,topspin,forehand,7.13,15.63,3.35,22.71,9.13,-0.09,3.73,2.79,8359.76
384,149,232347,1,Farah,True,points,forehand,4.92,17.3,8.65,28.74,8.6,2.9,2.22,0.11,8403.24
385,150,232852,1,Farah,True,points,forehand,4.62,17.15,8.19,28.62,8.25,8.27,2.47,1.42,8423.44
386,151,233985,1,Farah,True,points,forehand,5.76,18.42,7.42,29.79,8.81,2.27,2.33,0.83,8468.76
387,151,234017,2,Murray,False,topspin,backhand,5.57,18.18,7.57,27.39,8.89,2.15,1.86,1.01,8470.04
388,151,234045,3,Cabal,False,volley,backhand,5.24,18.18,8.33,25.74,9.1,2.15,2.0,1.33,8471.16
389,151,234115,4,Lopez,False,topspin,backhand,4.79,18.43,8.38,20.38,11.49,2.52,3.11,3.87,8473.959999999
390,151,234148,5,Farah,False,volley,backhand,4.95,18.93,9.72,19.83,11.47,1.85,3.05,3.55,8475.28
391,152,235092,1,Farah,True,points,forehand,7.39,17.6,3.56,27.8,9.53,-0.45,3.74,3.47,8513.04
392,152,235134,2,Lopez,False,topspin,backhand,7.4,18.08,3.37,25.46,10.38,1.52,3.74,3.4,8514.719999999
393,152,235180,3,Farah,False,volley,forehand,7.38,17.28,3.58,21.92,10.31,1.64,3.55,3.06,8516.559999999
394,152,235259,4,Lopez,False,topspin,forehand,8.16,18.98,4.41,19.1,11.07,2.62,2.71,2.87,8519.719999999
395,153,236339,1,Farah,True,points,forehand,4.92,17.62,6.18,28.77,8.18,2.7,1.94,0.55,8562.92
396,153,236375,2,Murray,False,topspin,backhand,5.18,17.54,6.0,27.05,8.37,2.54,2.01,0.92,8564.36
397,153,236401,3,Cabal,False,volley,forehand,5.84,16.91,4.85,24.56,8.48,2.5,2.07,1.04,8565.4
398,154,238043,1,Lopez,True,points,forehand,2.08,27.94,7.03,18.66,6.84,0.64,3.71,9.34,8631.08
399,155,238467,1,Lopez,True,points,forehand,1.95,27.45,6.9,18.33,6.84,0.64,3.67,9.14,8648.04
400,155,238509,2,Cabal,False,topspin,backhand,3.69,26.72,6.88,18.66,7.62,3.55,3.54,11.41,8649.719999999
401,155,238549,3,Lopez,False,volley,backhand,3.62,26.14,7.13,17.68,7.54,6.76,3.64,10.89,8651.32
402,155,238628,4,Cabal,False,volley,backhand,7.93,24.32,5.49,17.14,8.03,8.96,3.73,8.25,8654.480000000001
403,156,240165,1,Lopez,True,points,forehand,3.57,18.44,9.31,27.13,4.03,0.49,7.28,9.06,8715.959999999
404,156,240196,2,Farah,False,topspin,forehand,3.65,18.36,8.62,26.31,4.33,2.24,7.33,10.32,8717.2
405,156,240236,3,Lopez,False,volley,backhand,3.68,18.52,9.16,25.4,4.11,5.98,7.79,10.26,8718.799999999
406,156,240277,4,Cabal,False,volley,forehand,3.67,17.47,7.56,24.53,3.5,6.75,7.65,8.61,8720.44
407,156,240300,5,Murray,False,volley,backhand,3.7,16.03,7.33,22.67,4.27,6.19,6.96,8.13,8721.36
408,156,240333,6,Cabal,False,volley,backhand,5.11,15.94,7.17,20.03,4.24,6.44,7.13,5.75,8722.68
409,156,240361,7,Murray,False,topspin,backhand,5.28,15.29,6.42,18.91,3.53,6.53,6.25,5.6,8723.799999999
410,157,241994,1,Lopez,True,points,forehand,1.97,27.09,6.95,18.0,6.89,0.33,3.63,8.69,8789.12
411,158,243158,1,Lopez,True,points,forehand,3.54,18.64,9.48,28.11,3.87,0.82,7.33,9.31,8835.68
412,159,244003,1,Lopez,True,points,forehand,3.43,18.17,9.0,27.31,3.87,0.43,7.19,9.03,8869.480000000001
413,159,244032,2,Farah,False,lob,forehand,3.54,17.79,7.79,25.9,4.11,2.0,6.9,9.85,8870.640000000001
414,160,245314,1,Lopez,True,points,forehand,2.04,27.62,6.92,18.45,6.77,0.46,3.63,9.2,8921.92
415,160,245348,2,Cabal,False,topspin,backhand,3.62,26.81,6.97,18.52,7.41,2.58,3.62,11.16,8923.28
